DATAFLOW,LAST UPDATE,freq,unit,nace_r2,geo,TIME_PERIOD,OBS_VALUE,OBS_FLAG,CONF_STATUS
ESTAT:TESEM180(1.0),26/02/26 23:00:00,Annual,Percentage,"Industry, construction and services (except public administration, defense, compulsory social security)",Albania,2018,6.8,,
ESTAT:TESEM180(1.0),26/02/26 23:00:00,Annual,Percentage,"Industry, construction and services (except public administration, defense, compulsory social security)",Austria,2007,25.5,,
ESTAT:TESEM180(1.0),26/02/26 23:00:00,Annual,Percentage,"Industry, construction and services (except public administration, defense, compulsory social security)",Austria,2008,25.1,,
ESTAT:TESEM180(1.0),26/02/26 23:00:00,Annual,Percentage,"Industry, construction and services (except public administration, defense, compulsory social security)",Austria,2009,24.3,,
ESTAT:TESEM180(1.0),26/02/26 23:00:00,Annual,Percentage,"Industry, construction and services (except public administration, defense, compulsory social security)",Austria,2010,24.0,,
ESTAT:TESEM180(1.0),26/02/26 23:00:00,Annual,Percentage,"Industry, construction and services (except public administration, defense, compulsory social security)",Austria,2011,23.5,,
ESTAT:TESEM180(1.0),26/02/26 23:00:00,Annual,Percentage,"Industry, construction and services (except public administration, defense, compulsory social security)",Austria,2012,22.9,,
ESTAT:TESEM180(1.0),26/02/26 23:00:00,Annual,Percentage,"Industry, construction and services (except public administration, defense, compulsory social security)",Austria,2013,22.3,,
ESTAT:TESEM180(1.0),26/02/26 23:00:00,Annual,Percentage,"Industry, construction and services (except public administration, defense, compulsory social security)",Austria,2014,22.2,,
ESTAT:TESEM180(1.0),26/02/26 23:00:00,Annual,Percentage,"Industry, construction and services (except public administration, defense, compulsory social security)",Austria,2015,21.8,,
ESTAT:TESEM180(1.0),26/02/26 23:00:00,Annual,Percentage,"Industry, construction and services (except public administration, defense, compulsory social security)",Austria,2016,20.8,,
ESTAT:TESEM180(1.0),26/02/26 23:00:00,Annual,Percentage,"Industry, construction and services (except public administration, defense, compulsory social security)",Austria,2017,20.7,,
ESTAT:TESEM180(1.0),26/02/26 23:00:00,Annual,Percentage,"Industry, construction and services (except public administration, defense, compulsory social security)",Austria,2018,20.4,,
ESTAT:TESEM180(1.0),26/02/26 23:00:00,Annual,Percentage,"Industry, construction and services (except public administration, defense, compulsory social security)",Austria,2019,20.0,,
ESTAT:TESEM180(1.0),26/02/26 23:00:00,Annual,Percentage,"Industry, construction and services (except public administration, defense, compulsory social security)",Austria,2020,19.2,,
ESTAT:TESEM180(1.0),26/02/26 23:00:00,Annual,Percentage,"Industry, construction and services (except public administration, defense, compulsory social security)",Austria,2021,19.1,,
ESTAT:TESEM180(1.0),26/02/26 23:00:00,Annual,Percentage,"Industry, construction and services (except public administration, defense, compulsory social security)",Austria,2022,18.7,,
ESTAT:TESEM180(1.0),26/02/26 23:00:00,Annual,Percentage,"Industry, construction and services (except public administration, defense, compulsory social security)",Austria,2023,18.3,p,
ESTAT:TESEM180(1.0),26/02/26 23:00:00,Annual,Percentage,"Industry, construction and services (except public administration, defense, compulsory social security)",Austria,2024,17.6,p,
ESTAT:TESEM180(1.0),26/02/26 23:00:00,Annual,Percentage,"Industry, construction and services (except public administration, defense, compulsory social security)",Belgium,2007,10.1,,
ESTAT:TESEM180(1.0),26/02/26 23:00:00,Annual,Percentage,"Industry, construction and services (except public administration, defense, compulsory social security)",Belgium,2008,10.2,,
ESTAT:TESEM180(1.0),26/02/26 23:00:00,Annual,Percentage,"Industry, construction and services (except public administration, defense, compulsory social security)",Belgium,2009,10.1,,
ESTAT:TESEM180(1.0),26/02/26 23:00:00,Annual,Percentage,"Industry, construction and services (except public administration, defense, compulsory social security)",Belgium,2010,10.2,,
ESTAT:TESEM180(1.0),26/02/26 23:00:00,Annual,Percentage,"Industry, construction and services (except public administration, defense, compulsory social security)",Belgium,2011,9.4,,
ESTAT:TESEM180(1.0),26/02/26 23:00:00,Annual,Percentage,"Industry, construction and services (except public administration, defense, compulsory social security)",Belgium,2012,8.3,,
ESTAT:TESEM180(1.0),26/02/26 23:00:00,Annual,Percentage,"Industry, construction and services (except public administration, defense, compulsory social security)",Belgium,2013,7.5,,
ESTAT:TESEM180(1.0),26/02/26 23:00:00,Annual,Percentage,"Industry, construction and services (except public administration, defense, compulsory social security)",Belgium,2014,6.6,,
ESTAT:TESEM180(1.0),26/02/26 23:00:00,Annual,Percentage,"Industry, construction and services (except public administration, defense, compulsory social security)",Belgium,2015,6.4,,
ESTAT:TESEM180(1.0),26/02/26 23:00:00,Annual,Percentage,"Industry, construction and services (except public administration, defense, compulsory social security)",Belgium,2016,6.0,,
ESTAT:TESEM180(1.0),26/02/26 23:00:00,Annual,Percentage,"Industry, construction and services (except public administration, defense, compulsory social security)",Belgium,2017,5.8,,
ESTAT:TESEM180(1.0),26/02/26 23:00:00,Annual,Percentage,"Industry, construction and services (except public administration, defense, compulsory social security)",Belgium,2018,5.8,,
ESTAT:TESEM180(1.0),26/02/26 23:00:00,Annual,Percentage,"Industry, construction and services (except public administration, defense, compulsory social security)",Belgium,2019,4.7,,
ESTAT:TESEM180(1.0),26/02/26 23:00:00,Annual,Percentage,"Industry, construction and services (except public administration, defense, compulsory social security)",Belgium,2020,3.2,,
ESTAT:TESEM180(1.0),26/02/26 23:00:00,Annual,Percentage,"Industry, construction and services (except public administration, defense, compulsory social security)",Belgium,2021,1.8,,
ESTAT:TESEM180(1.0),26/02/26 23:00:00,Annual,Percentage,"Industry, construction and services (except public administration, defense, compulsory social security)",Belgium,2022,0.7,,
ESTAT:TESEM180(1.0),26/02/26 23:00:00,Annual,Percentage,"Industry, construction and services (except public administration, defense, compulsory social security)",Belgium,2023,0.7,p,
ESTAT:TESEM180(1.0),26/02/26 23:00:00,Annual,Percentage,"Industry, construction and services (except public administration, defense, compulsory social security)",Belgium,2024,0.7,p,
ESTAT:TESEM180(1.0),26/02/26 23:00:00,Annual,Percentage,"Industry, construction and services (except public administration, defense, compulsory social security)",Bulgaria,2007,12.1,,
ESTAT:TESEM180(1.0),26/02/26 23:00:00,Annual,Percentage,"Industry, construction and services (except public administration, defense, compulsory social security)",Bulgaria,2008,12.3,,
ESTAT:TESEM180(1.0),26/02/26 23:00:00,Annual,Percentage,"Industry, construction and services (except public administration, defense, compulsory social security)",Bulgaria,2009,13.3,,
ESTAT:TESEM180(1.0),26/02/26 23:00:00,Annual,Percentage,"Industry, construction and services (except public administration, defense, compulsory social security)",Bulgaria,2010,13.0,,
ESTAT:TESEM180(1.0),26/02/26 23:00:00,Annual,Percentage,"Industry, construction and services (except public administration, defense, compulsory social security)",Bulgaria,2011,13.2,,
ESTAT:TESEM180(1.0),26/02/26 23:00:00,Annual,Percentage,"Industry, construction and services (except public administration, defense, compulsory social security)",Bulgaria,2012,15.1,,
ESTAT:TESEM180(1.0),26/02/26 23:00:00,Annual,Percentage,"Industry, construction and services (except public administration, defense, compulsory social security)",Bulgaria,2013,14.1,,
ESTAT:TESEM180(1.0),26/02/26 23:00:00,Annual,Percentage,"Industry, construction and services (except public administration, defense, compulsory social security)",Bulgaria,2014,14.2,,
ESTAT:TESEM180(1.0),26/02/26 23:00:00,Annual,Percentage,"Industry, construction and services (except public administration, defense, compulsory social security)",Bulgaria,2015,15.5,,
ESTAT:TESEM180(1.0),26/02/26 23:00:00,Annual,Percentage,"Industry, construction and services (except public administration, defense, compulsory social security)",Bulgaria,2016,14.6,,
ESTAT:TESEM180(1.0),26/02/26 23:00:00,Annual,Percentage,"Industry, construction and services (except public administration, defense, compulsory social security)",Bulgaria,2017,14.3,,
ESTAT:TESEM180(1.0),26/02/26 23:00:00,Annual,Percentage,"Industry, construction and services (except public administration, defense, compulsory social security)",Bulgaria,2018,13.9,,
ESTAT:TESEM180(1.0),26/02/26 23:00:00,Annual,Percentage,"Industry, construction and services (except public administration, defense, compulsory social security)",Bulgaria,2019,14.0,,
ESTAT:TESEM180(1.0),26/02/26 23:00:00,Annual,Percentage,"Industry, construction and services (except public administration, defense, compulsory social security)",Bulgaria,2020,12.5,,
ESTAT:TESEM180(1.0),26/02/26 23:00:00,Annual,Percentage,"Industry, construction and services (except public administration, defense, compulsory social security)",Bulgaria,2021,11.9,,
ESTAT:TESEM180(1.0),26/02/26 23:00:00,Annual,Percentage,"Industry, construction and services (except public administration, defense, compulsory social security)",Bulgaria,2022,12.6,,
ESTAT:TESEM180(1.0),26/02/26 23:00:00,Annual,Percentage,"Industry, construction and services (except public administration, defense, compulsory social security)",Bulgaria,2023,13.5,p,
ESTAT:TESEM180(1.0),26/02/26 23:00:00,Annual,Percentage,"Industry, construction and services (except public administration, defense, compulsory social security)",Bulgaria,2024,12,p,
ESTAT:TESEM180(1.0),26/02/26 23:00:00,Annual,Percentage,"Industry, construction and services (except public administration, defense, compulsory social security)",Switzerland,2008,18.4,d,
ESTAT:TESEM180(1.0),26/02/26 23:00:00,Annual,Percentage,"Industry, construction and services (except public administration, defense, compulsory social security)",Switzerland,2009,18.4,d,
ESTAT:TESEM180(1.0),26/02/26 23:00:00,Annual,Percentage,"Industry, construction and services (except public administration, defense, compulsory social security)",Switzerland,2010,17.8,,
ESTAT:TESEM180(1.0),26/02/26 23:00:00,Annual,Percentage,"Industry, construction and services (except public administration, defense, compulsory social security)",Switzerland,2011,17.6,,
ESTAT:TESEM180(1.0),26/02/26 23:00:00,Annual,Percentage,"Industry, construction and services (except public administration, defense, compulsory social security)",Switzerland,2012,17.4,,
ESTAT:TESEM180(1.0),26/02/26 23:00:00,Annual,Percentage,"Industry, construction and services (except public administration, defense, compulsory social security)",Switzerland,2013,17.6,,
ESTAT:TESEM180(1.0),26/02/26 23:00:00,Annual,Percentage,"Industry, construction and services (except public administration, defense, compulsory social security)",Switzerland,2014,17.4,,
ESTAT:TESEM180(1.0),26/02/26 23:00:00,Annual,Percentage,"Industry, construction and services (except public administration, defense, compulsory social security)",Switzerland,2015,17.9,,
ESTAT:TESEM180(1.0),26/02/26 23:00:00,Annual,Percentage,"Industry, construction and services (except public administration, defense, compulsory social security)",Switzerland,2016,17.4,,
ESTAT:TESEM180(1.0),26/02/26 23:00:00,Annual,Percentage,"Industry, construction and services (except public administration, defense, compulsory social security)",Switzerland,2017,17.6,,
ESTAT:TESEM180(1.0),26/02/26 23:00:00,Annual,Percentage,"Industry, construction and services (except public administration, defense, compulsory social security)",Switzerland,2018,18.6,,
ESTAT:TESEM180(1.0),26/02/26 23:00:00,Annual,Percentage,"Industry, construction and services (except public administration, defense, compulsory social security)",Switzerland,2019,18.4,,
ESTAT:TESEM180(1.0),26/02/26 23:00:00,Annual,Percentage,"Industry, construction and services (except public administration, defense, compulsory social security)",Switzerland,2020,18.0,,
ESTAT:TESEM180(1.0),26/02/26 23:00:00,Annual,Percentage,"Industry, construction and services (except public administration, defense, compulsory social security)",Switzerland,2021,17.0,,
ESTAT:TESEM180(1.0),26/02/26 23:00:00,Annual,Percentage,"Industry, construction and services (except public administration, defense, compulsory social security)",Switzerland,2022,17.0,,
ESTAT:TESEM180(1.0),26/02/26 23:00:00,Annual,Percentage,"Industry, construction and services (except public administration, defense, compulsory social security)",Switzerland,2023,17.2,p,
ESTAT:TESEM180(1.0),26/02/26 23:00:00,Annual,Percentage,"Industry, construction and services (except public administration, defense, compulsory social security)",Switzerland,2024,16,p,
ESTAT:TESEM180(1.0),26/02/26 23:00:00,Annual,Percentage,"Industry, construction and services (except public administration, defense, compulsory social security)",Cyprus,2007,22.0,,
ESTAT:TESEM180(1.0),26/02/26 23:00:00,Annual,Percentage,"Industry, construction and services (except public administration, defense, compulsory social security)",Cyprus,2008,19.5,,
ESTAT:TESEM180(1.0),26/02/26 23:00:00,Annual,Percentage,"Industry, construction and services (except public administration, defense, compulsory social security)",Cyprus,2009,17.8,,
ESTAT:TESEM180(1.0),26/02/26 23:00:00,Annual,Percentage,"Industry, construction and services (except public administration, defense, compulsory social security)",Cyprus,2010,16.8,,
ESTAT:TESEM180(1.0),26/02/26 23:00:00,Annual,Percentage,"Industry, construction and services (except public administration, defense, compulsory social security)",Cyprus,2011,16.1,,
ESTAT:TESEM180(1.0),26/02/26 23:00:00,Annual,Percentage,"Industry, construction and services (except public administration, defense, compulsory social security)",Cyprus,2012,15.6,,
ESTAT:TESEM180(1.0),26/02/26 23:00:00,Annual,Percentage,"Industry, construction and services (except public administration, defense, compulsory social security)",Cyprus,2013,14.9,,
ESTAT:TESEM180(1.0),26/02/26 23:00:00,Annual,Percentage,"Industry, construction and services (except public administration, defense, compulsory social security)",Cyprus,2014,14.2,,
ESTAT:TESEM180(1.0),26/02/26 23:00:00,Annual,Percentage,"Industry, construction and services (except public administration, defense, compulsory social security)",Cyprus,2015,13.2,,
ESTAT:TESEM180(1.0),26/02/26 23:00:00,Annual,Percentage,"Industry, construction and services (except public administration, defense, compulsory social security)",Cyprus,2016,12.3,,
ESTAT:TESEM180(1.0),26/02/26 23:00:00,Annual,Percentage,"Industry, construction and services (except public administration, defense, compulsory social security)",Cyprus,2017,11.2,,
ESTAT:TESEM180(1.0),26/02/26 23:00:00,Annual,Percentage,"Industry, construction and services (except public administration, defense, compulsory social security)",Cyprus,2018,10.4,,
ESTAT:TESEM180(1.0),26/02/26 23:00:00,Annual,Percentage,"Industry, construction and services (except public administration, defense, compulsory social security)",Cyprus,2019,10.5,,
ESTAT:TESEM180(1.0),26/02/26 23:00:00,Annual,Percentage,"Industry, construction and services (except public administration, defense, compulsory social security)",Cyprus,2020,9.9,,
ESTAT:TESEM180(1.0),26/02/26 23:00:00,Annual,Percentage,"Industry, construction and services (except public administration, defense, compulsory social security)",Cyprus,2021,11.0,,
ESTAT:TESEM180(1.0),26/02/26 23:00:00,Annual,Percentage,"Industry, construction and services (except public administration, defense, compulsory social security)",Cyprus,2022,11.9,,
ESTAT:TESEM180(1.0),26/02/26 23:00:00,Annual,Percentage,"Industry, construction and services (except public administration, defense, compulsory social security)",Cyprus,2023,12,p,
ESTAT:TESEM180(1.0),26/02/26 23:00:00,Annual,Percentage,"Industry, construction and services (except public administration, defense, compulsory social security)",Cyprus,2024,11.8,p,
ESTAT:TESEM180(1.0),26/02/26 23:00:00,Annual,Percentage,"Industry, construction and services (except public administration, defense, compulsory social security)",Czechia,2007,23.6,,
ESTAT:TESEM180(1.0),26/02/26 23:00:00,Annual,Percentage,"Industry, construction and services (except public administration, defense, compulsory social security)",Czechia,2008,26.2,,
ESTAT:TESEM180(1.0),26/02/26 23:00:00,Annual,Percentage,"Industry, construction and services (except public administration, defense, compulsory social security)",Czechia,2009,25.9,,
ESTAT:TESEM180(1.0),26/02/26 23:00:00,Annual,Percentage,"Industry, construction and services (except public administration, defense, compulsory social security)",Czechia,2010,21.6,,
ESTAT:TESEM180(1.0),26/02/26 23:00:00,Annual,Percentage,"Industry, construction and services (except public administration, defense, compulsory social security)",Czechia,2011,22.6,,
ESTAT:TESEM180(1.0),26/02/26 23:00:00,Annual,Percentage,"Industry, construction and services (except public administration, defense, compulsory social security)",Czechia,2012,22.5,,
ESTAT:TESEM180(1.0),26/02/26 23:00:00,Annual,Percentage,"Industry, construction and services (except public administration, defense, compulsory social security)",Czechia,2013,22.3,,
ESTAT:TESEM180(1.0),26/02/26 23:00:00,Annual,Percentage,"Industry, construction and services (except public administration, defense, compulsory social security)",Czechia,2014,22.5,,
ESTAT:TESEM180(1.0),26/02/26 23:00:00,Annual,Percentage,"Industry, construction and services (except public administration, defense, compulsory social security)",Czechia,2015,22.5,d,
ESTAT:TESEM180(1.0),26/02/26 23:00:00,Annual,Percentage,"Industry, construction and services (except public administration, defense, compulsory social security)",Czechia,2016,21.5,d,
ESTAT:TESEM180(1.0),26/02/26 23:00:00,Annual,Percentage,"Industry, construction and services (except public administration, defense, compulsory social security)",Czechia,2017,21.1,d,
ESTAT:TESEM180(1.0),26/02/26 23:00:00,Annual,Percentage,"Industry, construction and services (except public administration, defense, compulsory social security)",Czechia,2018,20.1,d,
ESTAT:TESEM180(1.0),26/02/26 23:00:00,Annual,Percentage,"Industry, construction and services (except public administration, defense, compulsory social security)",Czechia,2019,19.3,,
ESTAT:TESEM180(1.0),26/02/26 23:00:00,Annual,Percentage,"Industry, construction and services (except public administration, defense, compulsory social security)",Czechia,2020,16.7,,
ESTAT:TESEM180(1.0),26/02/26 23:00:00,Annual,Percentage,"Industry, construction and services (except public administration, defense, compulsory social security)",Czechia,2021,15.4,,
ESTAT:TESEM180(1.0),26/02/26 23:00:00,Annual,Percentage,"Industry, construction and services (except public administration, defense, compulsory social security)",Czechia,2022,18.4,,
ESTAT:TESEM180(1.0),26/02/26 23:00:00,Annual,Percentage,"Industry, construction and services (except public administration, defense, compulsory social security)",Czechia,2023,18,d,
ESTAT:TESEM180(1.0),26/02/26 23:00:00,Annual,Percentage,"Industry, construction and services (except public administration, defense, compulsory social security)",Czechia,2024,18.5,dp,
ESTAT:TESEM180(1.0),26/02/26 23:00:00,Annual,Percentage,"Industry, construction and services (except public administration, defense, compulsory social security)",Germany,2007,22.8,,
ESTAT:TESEM180(1.0),26/02/26 23:00:00,Annual,Percentage,"Industry, construction and services (except public administration, defense, compulsory social security)",Germany,2008,22.8,,
ESTAT:TESEM180(1.0),26/02/26 23:00:00,Annual,Percentage,"Industry, construction and services (except public administration, defense, compulsory social security)",Germany,2009,22.6,,
ESTAT:TESEM180(1.0),26/02/26 23:00:00,Annual,Percentage,"Industry, construction and services (except public administration, defense, compulsory social security)",Germany,2010,22.3,,
ESTAT:TESEM180(1.0),26/02/26 23:00:00,Annual,Percentage,"Industry, construction and services (except public administration, defense, compulsory social security)",Germany,2011,22.4,,
ESTAT:TESEM180(1.0),26/02/26 23:00:00,Annual,Percentage,"Industry, construction and services (except public administration, defense, compulsory social security)",Germany,2012,22.7,,
ESTAT:TESEM180(1.0),26/02/26 23:00:00,Annual,Percentage,"Industry, construction and services (except public administration, defense, compulsory social security)",Germany,2013,22.1,,
ESTAT:TESEM180(1.0),26/02/26 23:00:00,Annual,Percentage,"Industry, construction and services (except public administration, defense, compulsory social security)",Germany,2014,22.3,,
ESTAT:TESEM180(1.0),26/02/26 23:00:00,Annual,Percentage,"Industry, construction and services (except public administration, defense, compulsory social security)",Germany,2015,21.8,,
ESTAT:TESEM180(1.0),26/02/26 23:00:00,Annual,Percentage,"Industry, construction and services (except public administration, defense, compulsory social security)",Germany,2016,21.1,,
ESTAT:TESEM180(1.0),26/02/26 23:00:00,Annual,Percentage,"Industry, construction and services (except public administration, defense, compulsory social security)",Germany,2017,20.4,,
ESTAT:TESEM180(1.0),26/02/26 23:00:00,Annual,Percentage,"Industry, construction and services (except public administration, defense, compulsory social security)",Germany,2018,20.1,,
ESTAT:TESEM180(1.0),26/02/26 23:00:00,Annual,Percentage,"Industry, construction and services (except public administration, defense, compulsory social security)",Germany,2019,19.2,,
ESTAT:TESEM180(1.0),26/02/26 23:00:00,Annual,Percentage,"Industry, construction and services (except public administration, defense, compulsory social security)",Germany,2020,18.3,,
ESTAT:TESEM180(1.0),26/02/26 23:00:00,Annual,Percentage,"Industry, construction and services (except public administration, defense, compulsory social security)",Germany,2021,17.6,,
ESTAT:TESEM180(1.0),26/02/26 23:00:00,Annual,Percentage,"Industry, construction and services (except public administration, defense, compulsory social security)",Germany,2022,17.7,b,
ESTAT:TESEM180(1.0),26/02/26 23:00:00,Annual,Percentage,"Industry, construction and services (except public administration, defense, compulsory social security)",Germany,2023,17.6,p,
ESTAT:TESEM180(1.0),26/02/26 23:00:00,Annual,Percentage,"Industry, construction and services (except public administration, defense, compulsory social security)",Germany,2024,15.6,p,
ESTAT:TESEM180(1.0),26/02/26 23:00:00,Annual,Percentage,"Industry, construction and services (except public administration, defense, compulsory social security)",Denmark,2007,17.7,,
ESTAT:TESEM180(1.0),26/02/26 23:00:00,Annual,Percentage,"Industry, construction and services (except public administration, defense, compulsory social security)",Denmark,2008,17.1,,
ESTAT:TESEM180(1.0),26/02/26 23:00:00,Annual,Percentage,"Industry, construction and services (except public administration, defense, compulsory social security)",Denmark,2009,16.8,,
ESTAT:TESEM180(1.0),26/02/26 23:00:00,Annual,Percentage,"Industry, construction and services (except public administration, defense, compulsory social security)",Denmark,2010,17.1,,
ESTAT:TESEM180(1.0),26/02/26 23:00:00,Annual,Percentage,"Industry, construction and services (except public administration, defense, compulsory social security)",Denmark,2011,16.4,,
ESTAT:TESEM180(1.0),26/02/26 23:00:00,Annual,Percentage,"Industry, construction and services (except public administration, defense, compulsory social security)",Denmark,2012,16.8,,
ESTAT:TESEM180(1.0),26/02/26 23:00:00,Annual,Percentage,"Industry, construction and services (except public administration, defense, compulsory social security)",Denmark,2013,16.5,,
ESTAT:TESEM180(1.0),26/02/26 23:00:00,Annual,Percentage,"Industry, construction and services (except public administration, defense, compulsory social security)",Denmark,2014,16.0,,
ESTAT:TESEM180(1.0),26/02/26 23:00:00,Annual,Percentage,"Industry, construction and services (except public administration, defense, compulsory social security)",Denmark,2015,15.1,,
ESTAT:TESEM180(1.0),26/02/26 23:00:00,Annual,Percentage,"Industry, construction and services (except public administration, defense, compulsory social security)",Denmark,2016,15.1,,
ESTAT:TESEM180(1.0),26/02/26 23:00:00,Annual,Percentage,"Industry, construction and services (except public administration, defense, compulsory social security)",Denmark,2017,14.8,,
ESTAT:TESEM180(1.0),26/02/26 23:00:00,Annual,Percentage,"Industry, construction and services (except public administration, defense, compulsory social security)",Denmark,2018,14.6,,
ESTAT:TESEM180(1.0),26/02/26 23:00:00,Annual,Percentage,"Industry, construction and services (except public administration, defense, compulsory social security)",Denmark,2019,17.7,,
ESTAT:TESEM180(1.0),26/02/26 23:00:00,Annual,Percentage,"Industry, construction and services (except public administration, defense, compulsory social security)",Denmark,2020,13.8,,
ESTAT:TESEM180(1.0),26/02/26 23:00:00,Annual,Percentage,"Industry, construction and services (except public administration, defense, compulsory social security)",Denmark,2021,14.2,,
ESTAT:TESEM180(1.0),26/02/26 23:00:00,Annual,Percentage,"Industry, construction and services (except public administration, defense, compulsory social security)",Denmark,2022,13.8,,
ESTAT:TESEM180(1.0),26/02/26 23:00:00,Annual,Percentage,"Industry, construction and services (except public administration, defense, compulsory social security)",Denmark,2023,14,p,
ESTAT:TESEM180(1.0),26/02/26 23:00:00,Annual,Percentage,"Industry, construction and services (except public administration, defense, compulsory social security)",Denmark,2024,14,p,
ESTAT:TESEM180(1.0),26/02/26 23:00:00,Annual,Percentage,"Industry, construction and services (except public administration, defense, compulsory social security)",Estonia,2007,30.9,,
ESTAT:TESEM180(1.0),26/02/26 23:00:00,Annual,Percentage,"Industry, construction and services (except public administration, defense, compulsory social security)",Estonia,2008,27.6,,
ESTAT:TESEM180(1.0),26/02/26 23:00:00,Annual,Percentage,"Industry, construction and services (except public administration, defense, compulsory social security)",Estonia,2009,26.6,,
ESTAT:TESEM180(1.0),26/02/26 23:00:00,Annual,Percentage,"Industry, construction and services (except public administration, defense, compulsory social security)",Estonia,2010,27.7,,
ESTAT:TESEM180(1.0),26/02/26 23:00:00,Annual,Percentage,"Industry, construction and services (except public administration, defense, compulsory social security)",Estonia,2011,27.3,,
ESTAT:TESEM180(1.0),26/02/26 23:00:00,Annual,Percentage,"Industry, construction and services (except public administration, defense, compulsory social security)",Estonia,2012,29.9,,
ESTAT:TESEM180(1.0),26/02/26 23:00:00,Annual,Percentage,"Industry, construction and services (except public administration, defense, compulsory social security)",Estonia,2013,29.8,,
ESTAT:TESEM180(1.0),26/02/26 23:00:00,Annual,Percentage,"Industry, construction and services (except public administration, defense, compulsory social security)",Estonia,2014,28.1,,
ESTAT:TESEM180(1.0),26/02/26 23:00:00,Annual,Percentage,"Industry, construction and services (except public administration, defense, compulsory social security)",Estonia,2015,26.7,,
ESTAT:TESEM180(1.0),26/02/26 23:00:00,Annual,Percentage,"Industry, construction and services (except public administration, defense, compulsory social security)",Estonia,2016,24.8,,
ESTAT:TESEM180(1.0),26/02/26 23:00:00,Annual,Percentage,"Industry, construction and services (except public administration, defense, compulsory social security)",Estonia,2017,24.9,,
ESTAT:TESEM180(1.0),26/02/26 23:00:00,Annual,Percentage,"Industry, construction and services (except public administration, defense, compulsory social security)",Estonia,2018,21.8,,
ESTAT:TESEM180(1.0),26/02/26 23:00:00,Annual,Percentage,"Industry, construction and services (except public administration, defense, compulsory social security)",Estonia,2019,21.6,,
ESTAT:TESEM180(1.0),26/02/26 23:00:00,Annual,Percentage,"Industry, construction and services (except public administration, defense, compulsory social security)",Estonia,2020,21.0,,
ESTAT:TESEM180(1.0),26/02/26 23:00:00,Annual,Percentage,"Industry, construction and services (except public administration, defense, compulsory social security)",Estonia,2021,20.3,,
ESTAT:TESEM180(1.0),26/02/26 23:00:00,Annual,Percentage,"Industry, construction and services (except public administration, defense, compulsory social security)",Estonia,2022,21.1,,
ESTAT:TESEM180(1.0),26/02/26 23:00:00,Annual,Percentage,"Industry, construction and services (except public administration, defense, compulsory social security)",Estonia,2023,19.6,p,
ESTAT:TESEM180(1.0),26/02/26 23:00:00,Annual,Percentage,"Industry, construction and services (except public administration, defense, compulsory social security)",Estonia,2024,18.8,p,
ESTAT:TESEM180(1.0),26/02/26 23:00:00,Annual,Percentage,"Industry, construction and services (except public administration, defense, compulsory social security)",Greece,2007,21.5,,
ESTAT:TESEM180(1.0),26/02/26 23:00:00,Annual,Percentage,"Industry, construction and services (except public administration, defense, compulsory social security)",Greece,2008,22,d,
ESTAT:TESEM180(1.0),26/02/26 23:00:00,Annual,Percentage,"Industry, construction and services (except public administration, defense, compulsory social security)",Greece,2010,15.0,,
ESTAT:TESEM180(1.0),26/02/26 23:00:00,Annual,Percentage,"Industry, construction and services (except public administration, defense, compulsory social security)",Greece,2014,12.5,,
ESTAT:TESEM180(1.0),26/02/26 23:00:00,Annual,Percentage,"Industry, construction and services (except public administration, defense, compulsory social security)",Greece,2018,10.4,,
ESTAT:TESEM180(1.0),26/02/26 23:00:00,Annual,Percentage,"Industry, construction and services (except public administration, defense, compulsory social security)",Greece,2022,13.5,,
ESTAT:TESEM180(1.0),26/02/26 23:00:00,Annual,Percentage,"Industry, construction and services (except public administration, defense, compulsory social security)",Greece,2023,13.6,p,
ESTAT:TESEM180(1.0),26/02/26 23:00:00,Annual,Percentage,"Industry, construction and services (except public administration, defense, compulsory social security)",Greece,2024,13.4,p,
ESTAT:TESEM180(1.0),26/02/26 23:00:00,Annual,Percentage,"Industry, construction and services (except public administration, defense, compulsory social security)",Spain,2007,18.1,,
ESTAT:TESEM180(1.0),26/02/26 23:00:00,Annual,Percentage,"Industry, construction and services (except public administration, defense, compulsory social security)",Spain,2008,16.1,,
ESTAT:TESEM180(1.0),26/02/26 23:00:00,Annual,Percentage,"Industry, construction and services (except public administration, defense, compulsory social security)",Spain,2009,16.7,,
ESTAT:TESEM180(1.0),26/02/26 23:00:00,Annual,Percentage,"Industry, construction and services (except public administration, defense, compulsory social security)",Spain,2010,16.2,,
ESTAT:TESEM180(1.0),26/02/26 23:00:00,Annual,Percentage,"Industry, construction and services (except public administration, defense, compulsory social security)",Spain,2011,17.6,,
ESTAT:TESEM180(1.0),26/02/26 23:00:00,Annual,Percentage,"Industry, construction and services (except public administration, defense, compulsory social security)",Spain,2012,18.7,,
ESTAT:TESEM180(1.0),26/02/26 23:00:00,Annual,Percentage,"Industry, construction and services (except public administration, defense, compulsory social security)",Spain,2013,17.8,,
ESTAT:TESEM180(1.0),26/02/26 23:00:00,Annual,Percentage,"Industry, construction and services (except public administration, defense, compulsory social security)",Spain,2014,14.9,,
ESTAT:TESEM180(1.0),26/02/26 23:00:00,Annual,Percentage,"Industry, construction and services (except public administration, defense, compulsory social security)",Spain,2015,14.1,,
ESTAT:TESEM180(1.0),26/02/26 23:00:00,Annual,Percentage,"Industry, construction and services (except public administration, defense, compulsory social security)",Spain,2016,14.8,,
ESTAT:TESEM180(1.0),26/02/26 23:00:00,Annual,Percentage,"Industry, construction and services (except public administration, defense, compulsory social security)",Spain,2017,13.5,,
ESTAT:TESEM180(1.0),26/02/26 23:00:00,Annual,Percentage,"Industry, construction and services (except public administration, defense, compulsory social security)",Spain,2018,11.9,,
ESTAT:TESEM180(1.0),26/02/26 23:00:00,Annual,Percentage,"Industry, construction and services (except public administration, defense, compulsory social security)",Spain,2019,9.6,,
ESTAT:TESEM180(1.0),26/02/26 23:00:00,Annual,Percentage,"Industry, construction and services (except public administration, defense, compulsory social security)",Spain,2020,9.3,,
ESTAT:TESEM180(1.0),26/02/26 23:00:00,Annual,Percentage,"Industry, construction and services (except public administration, defense, compulsory social security)",Spain,2021,9.3,,
ESTAT:TESEM180(1.0),26/02/26 23:00:00,Annual,Percentage,"Industry, construction and services (except public administration, defense, compulsory social security)",Spain,2022,9.2,,
ESTAT:TESEM180(1.0),26/02/26 23:00:00,Annual,Percentage,"Industry, construction and services (except public administration, defense, compulsory social security)",Spain,2023,7.3,p,
ESTAT:TESEM180(1.0),26/02/26 23:00:00,Annual,Percentage,"Industry, construction and services (except public administration, defense, compulsory social security)",Spain,2024,7.3,p,
ESTAT:TESEM180(1.0),26/02/26 23:00:00,Annual,Percentage,"Industry, construction and services (except public administration, defense, compulsory social security)",Finland,2007,20.2,,
ESTAT:TESEM180(1.0),26/02/26 23:00:00,Annual,Percentage,"Industry, construction and services (except public administration, defense, compulsory social security)",Finland,2008,20.5,,
ESTAT:TESEM180(1.0),26/02/26 23:00:00,Annual,Percentage,"Industry, construction and services (except public administration, defense, compulsory social security)",Finland,2009,20.8,,
ESTAT:TESEM180(1.0),26/02/26 23:00:00,Annual,Percentage,"Industry, construction and services (except public administration, defense, compulsory social security)",Finland,2010,20.3,,
ESTAT:TESEM180(1.0),26/02/26 23:00:00,Annual,Percentage,"Industry, construction and services (except public administration, defense, compulsory social security)",Finland,2011,19.1,,
ESTAT:TESEM180(1.0),26/02/26 23:00:00,Annual,Percentage,"Industry, construction and services (except public administration, defense, compulsory social security)",Finland,2012,19.2,,
ESTAT:TESEM180(1.0),26/02/26 23:00:00,Annual,Percentage,"Industry, construction and services (except public administration, defense, compulsory social security)",Finland,2013,18.8,,
ESTAT:TESEM180(1.0),26/02/26 23:00:00,Annual,Percentage,"Industry, construction and services (except public administration, defense, compulsory social security)",Finland,2014,18.4,,
ESTAT:TESEM180(1.0),26/02/26 23:00:00,Annual,Percentage,"Industry, construction and services (except public administration, defense, compulsory social security)",Finland,2015,17.5,,
ESTAT:TESEM180(1.0),26/02/26 23:00:00,Annual,Percentage,"Industry, construction and services (except public administration, defense, compulsory social security)",Finland,2016,17.5,,
ESTAT:TESEM180(1.0),26/02/26 23:00:00,Annual,Percentage,"Industry, construction and services (except public administration, defense, compulsory social security)",Finland,2017,17.1,,
ESTAT:TESEM180(1.0),26/02/26 23:00:00,Annual,Percentage,"Industry, construction and services (except public administration, defense, compulsory social security)",Finland,2018,16.9,,
ESTAT:TESEM180(1.0),26/02/26 23:00:00,Annual,Percentage,"Industry, construction and services (except public administration, defense, compulsory social security)",Finland,2019,16.7,,
ESTAT:TESEM180(1.0),26/02/26 23:00:00,Annual,Percentage,"Industry, construction and services (except public administration, defense, compulsory social security)",Finland,2020,16.9,,
ESTAT:TESEM180(1.0),26/02/26 23:00:00,Annual,Percentage,"Industry, construction and services (except public administration, defense, compulsory social security)",Finland,2021,16.9,,
ESTAT:TESEM180(1.0),26/02/26 23:00:00,Annual,Percentage,"Industry, construction and services (except public administration, defense, compulsory social security)",Finland,2022,16.0,,
ESTAT:TESEM180(1.0),26/02/26 23:00:00,Annual,Percentage,"Industry, construction and services (except public administration, defense, compulsory social security)",Finland,2023,16.8,p,
ESTAT:TESEM180(1.0),26/02/26 23:00:00,Annual,Percentage,"Industry, construction and services (except public administration, defense, compulsory social security)",Finland,2024,16.3,bp,
ESTAT:TESEM180(1.0),26/02/26 23:00:00,Annual,Percentage,"Industry, construction and services (except public administration, defense, compulsory social security)",France,2007,17.3,,
ESTAT:TESEM180(1.0),26/02/26 23:00:00,Annual,Percentage,"Industry, construction and services (except public administration, defense, compulsory social security)",France,2008,16.9,,
ESTAT:TESEM180(1.0),26/02/26 23:00:00,Annual,Percentage,"Industry, construction and services (except public administration, defense, compulsory social security)",France,2009,15.2,,
ESTAT:TESEM180(1.0),26/02/26 23:00:00,Annual,Percentage,"Industry, construction and services (except public administration, defense, compulsory social security)",France,2010,15.6,,
ESTAT:TESEM180(1.0),26/02/26 23:00:00,Annual,Percentage,"Industry, construction and services (except public administration, defense, compulsory social security)",France,2011,15.7,,
ESTAT:TESEM180(1.0),26/02/26 23:00:00,Annual,Percentage,"Industry, construction and services (except public administration, defense, compulsory social security)",France,2012,15.6,,
ESTAT:TESEM180(1.0),26/02/26 23:00:00,Annual,Percentage,"Industry, construction and services (except public administration, defense, compulsory social security)",France,2013,15.5,,
ESTAT:TESEM180(1.0),26/02/26 23:00:00,Annual,Percentage,"Industry, construction and services (except public administration, defense, compulsory social security)",France,2014,15.5,,
ESTAT:TESEM180(1.0),26/02/26 23:00:00,Annual,Percentage,"Industry, construction and services (except public administration, defense, compulsory social security)",France,2015,15.6,,
ESTAT:TESEM180(1.0),26/02/26 23:00:00,Annual,Percentage,"Industry, construction and services (except public administration, defense, compulsory social security)",France,2016,15.9,,
ESTAT:TESEM180(1.0),26/02/26 23:00:00,Annual,Percentage,"Industry, construction and services (except public administration, defense, compulsory social security)",France,2017,16.3,,
ESTAT:TESEM180(1.0),26/02/26 23:00:00,Annual,Percentage,"Industry, construction and services (except public administration, defense, compulsory social security)",France,2018,16.7,,
ESTAT:TESEM180(1.0),26/02/26 23:00:00,Annual,Percentage,"Industry, construction and services (except public administration, defense, compulsory social security)",France,2019,16.0,,
ESTAT:TESEM180(1.0),26/02/26 23:00:00,Annual,Percentage,"Industry, construction and services (except public administration, defense, compulsory social security)",France,2020,15.0,,
ESTAT:TESEM180(1.0),26/02/26 23:00:00,Annual,Percentage,"Industry, construction and services (except public administration, defense, compulsory social security)",France,2021,13.7,,
ESTAT:TESEM180(1.0),26/02/26 23:00:00,Annual,Percentage,"Industry, construction and services (except public administration, defense, compulsory social security)",France,2022,12.8,,
ESTAT:TESEM180(1.0),26/02/26 23:00:00,Annual,Percentage,"Industry, construction and services (except public administration, defense, compulsory social security)",France,2023,12.3,p,
ESTAT:TESEM180(1.0),26/02/26 23:00:00,Annual,Percentage,"Industry, construction and services (except public administration, defense, compulsory social security)",France,2024,11.8,p,
ESTAT:TESEM180(1.0),26/02/26 23:00:00,Annual,Percentage,"Industry, construction and services (except public administration, defense, compulsory social security)",Croatia,2010,5.7,,
ESTAT:TESEM180(1.0),26/02/26 23:00:00,Annual,Percentage,"Industry, construction and services (except public administration, defense, compulsory social security)",Croatia,2013,7.7,,
ESTAT:TESEM180(1.0),26/02/26 23:00:00,Annual,Percentage,"Industry, construction and services (except public administration, defense, compulsory social security)",Croatia,2014,8.7,,
ESTAT:TESEM180(1.0),26/02/26 23:00:00,Annual,Percentage,"Industry, construction and services (except public administration, defense, compulsory social security)",Croatia,2016,11.6,,
ESTAT:TESEM180(1.0),26/02/26 23:00:00,Annual,Percentage,"Industry, construction and services (except public administration, defense, compulsory social security)",Croatia,2017,12.3,,
ESTAT:TESEM180(1.0),26/02/26 23:00:00,Annual,Percentage,"Industry, construction and services (except public administration, defense, compulsory social security)",Croatia,2018,11.4,,
ESTAT:TESEM180(1.0),26/02/26 23:00:00,Annual,Percentage,"Industry, construction and services (except public administration, defense, compulsory social security)",Croatia,2019,10.2,,
ESTAT:TESEM180(1.0),26/02/26 23:00:00,Annual,Percentage,"Industry, construction and services (except public administration, defense, compulsory social security)",Croatia,2020,8.7,,
ESTAT:TESEM180(1.0),26/02/26 23:00:00,Annual,Percentage,"Industry, construction and services (except public administration, defense, compulsory social security)",Croatia,2021,7.3,,
ESTAT:TESEM180(1.0),26/02/26 23:00:00,Annual,Percentage,"Industry, construction and services (except public administration, defense, compulsory social security)",Croatia,2022,7.7,,
ESTAT:TESEM180(1.0),26/02/26 23:00:00,Annual,Percentage,"Industry, construction and services (except public administration, defense, compulsory social security)",Croatia,2023,7.4,p,
ESTAT:TESEM180(1.0),26/02/26 23:00:00,Annual,Percentage,"Industry, construction and services (except public administration, defense, compulsory social security)",Croatia,2024,6.6,p,
ESTAT:TESEM180(1.0),26/02/26 23:00:00,Annual,Percentage,"Industry, construction and services (except public administration, defense, compulsory social security)",Hungary,2007,16.3,,
ESTAT:TESEM180(1.0),26/02/26 23:00:00,Annual,Percentage,"Industry, construction and services (except public administration, defense, compulsory social security)",Hungary,2008,17.5,,
ESTAT:TESEM180(1.0),26/02/26 23:00:00,Annual,Percentage,"Industry, construction and services (except public administration, defense, compulsory social security)",Hungary,2009,17.1,,
ESTAT:TESEM180(1.0),26/02/26 23:00:00,Annual,Percentage,"Industry, construction and services (except public administration, defense, compulsory social security)",Hungary,2010,17.6,,
ESTAT:TESEM180(1.0),26/02/26 23:00:00,Annual,Percentage,"Industry, construction and services (except public administration, defense, compulsory social security)",Hungary,2011,18.0,,
ESTAT:TESEM180(1.0),26/02/26 23:00:00,Annual,Percentage,"Industry, construction and services (except public administration, defense, compulsory social security)",Hungary,2012,20.1,,
ESTAT:TESEM180(1.0),26/02/26 23:00:00,Annual,Percentage,"Industry, construction and services (except public administration, defense, compulsory social security)",Hungary,2013,18.4,,
ESTAT:TESEM180(1.0),26/02/26 23:00:00,Annual,Percentage,"Industry, construction and services (except public administration, defense, compulsory social security)",Hungary,2014,15.1,,
ESTAT:TESEM180(1.0),26/02/26 23:00:00,Annual,Percentage,"Industry, construction and services (except public administration, defense, compulsory social security)",Hungary,2015,14.0,,
ESTAT:TESEM180(1.0),26/02/26 23:00:00,Annual,Percentage,"Industry, construction and services (except public administration, defense, compulsory social security)",Hungary,2016,14.0,,
ESTAT:TESEM180(1.0),26/02/26 23:00:00,Annual,Percentage,"Industry, construction and services (except public administration, defense, compulsory social security)",Hungary,2017,15.9,b,
ESTAT:TESEM180(1.0),26/02/26 23:00:00,Annual,Percentage,"Industry, construction and services (except public administration, defense, compulsory social security)",Hungary,2018,14.2,,
ESTAT:TESEM180(1.0),26/02/26 23:00:00,Annual,Percentage,"Industry, construction and services (except public administration, defense, compulsory social security)",Hungary,2019,18.2,b,
ESTAT:TESEM180(1.0),26/02/26 23:00:00,Annual,Percentage,"Industry, construction and services (except public administration, defense, compulsory social security)",Hungary,2020,17.1,p,
ESTAT:TESEM180(1.0),26/02/26 23:00:00,Annual,Percentage,"Industry, construction and services (except public administration, defense, compulsory social security)",Hungary,2021,17.2,p,
ESTAT:TESEM180(1.0),26/02/26 23:00:00,Annual,Percentage,"Industry, construction and services (except public administration, defense, compulsory social security)",Hungary,2022,17.5,p,
ESTAT:TESEM180(1.0),26/02/26 23:00:00,Annual,Percentage,"Industry, construction and services (except public administration, defense, compulsory social security)",Hungary,2023,17.8,p,
ESTAT:TESEM180(1.0),26/02/26 23:00:00,Annual,Percentage,"Industry, construction and services (except public administration, defense, compulsory social security)",Hungary,2024,16.9,p,
ESTAT:TESEM180(1.0),26/02/26 23:00:00,Annual,Percentage,"Industry, construction and services (except public administration, defense, compulsory social security)",Ireland,2007,17.3,,
ESTAT:TESEM180(1.0),26/02/26 23:00:00,Annual,Percentage,"Industry, construction and services (except public administration, defense, compulsory social security)",Ireland,2008,12.6,,
ESTAT:TESEM180(1.0),26/02/26 23:00:00,Annual,Percentage,"Industry, construction and services (except public administration, defense, compulsory social security)",Ireland,2009,12.6,,
ESTAT:TESEM180(1.0),26/02/26 23:00:00,Annual,Percentage,"Industry, construction and services (except public administration, defense, compulsory social security)",Ireland,2010,13.9,,
ESTAT:TESEM180(1.0),26/02/26 23:00:00,Annual,Percentage,"Industry, construction and services (except public administration, defense, compulsory social security)",Ireland,2011,12.7,,
ESTAT:TESEM180(1.0),26/02/26 23:00:00,Annual,Percentage,"Industry, construction and services (except public administration, defense, compulsory social security)",Ireland,2012,12.2,,
ESTAT:TESEM180(1.0),26/02/26 23:00:00,Annual,Percentage,"Industry, construction and services (except public administration, defense, compulsory social security)",Ireland,2013,12.9,,
ESTAT:TESEM180(1.0),26/02/26 23:00:00,Annual,Percentage,"Industry, construction and services (except public administration, defense, compulsory social security)",Ireland,2014,13.9,,
ESTAT:TESEM180(1.0),26/02/26 23:00:00,Annual,Percentage,"Industry, construction and services (except public administration, defense, compulsory social security)",Ireland,2015,13.9,p,
ESTAT:TESEM180(1.0),26/02/26 23:00:00,Annual,Percentage,"Industry, construction and services (except public administration, defense, compulsory social security)",Ireland,2016,14.2,p,
ESTAT:TESEM180(1.0),26/02/26 23:00:00,Annual,Percentage,"Industry, construction and services (except public administration, defense, compulsory social security)",Ireland,2017,14.4,p,
ESTAT:TESEM180(1.0),26/02/26 23:00:00,Annual,Percentage,"Industry, construction and services (except public administration, defense, compulsory social security)",Ireland,2018,11.3,,
ESTAT:TESEM180(1.0),26/02/26 23:00:00,Annual,Percentage,"Industry, construction and services (except public administration, defense, compulsory social security)",Ireland,2019,10.3,,
ESTAT:TESEM180(1.0),26/02/26 23:00:00,Annual,Percentage,"Industry, construction and services (except public administration, defense, compulsory social security)",Ireland,2020,9.0,,
ESTAT:TESEM180(1.0),26/02/26 23:00:00,Annual,Percentage,"Industry, construction and services (except public administration, defense, compulsory social security)",Ireland,2021,9.9,,
ESTAT:TESEM180(1.0),26/02/26 23:00:00,Annual,Percentage,"Industry, construction and services (except public administration, defense, compulsory social security)",Ireland,2022,9.3,,
ESTAT:TESEM180(1.0),26/02/26 23:00:00,Annual,Percentage,"Industry, construction and services (except public administration, defense, compulsory social security)",Ireland,2023,8.6,p,
ESTAT:TESEM180(1.0),26/02/26 23:00:00,Annual,Percentage,"Industry, construction and services (except public administration, defense, compulsory social security)",Ireland,2024,8.3,p,
ESTAT:TESEM180(1.0),26/02/26 23:00:00,Annual,Percentage,"Industry, construction and services (except public administration, defense, compulsory social security)",Iceland,2007,24.0,,
ESTAT:TESEM180(1.0),26/02/26 23:00:00,Annual,Percentage,"Industry, construction and services (except public administration, defense, compulsory social security)",Iceland,2008,20.7,,
ESTAT:TESEM180(1.0),26/02/26 23:00:00,Annual,Percentage,"Industry, construction and services (except public administration, defense, compulsory social security)",Iceland,2009,18.0,,
ESTAT:TESEM180(1.0),26/02/26 23:00:00,Annual,Percentage,"Industry, construction and services (except public administration, defense, compulsory social security)",Iceland,2010,17.7,,
ESTAT:TESEM180(1.0),26/02/26 23:00:00,Annual,Percentage,"Industry, construction and services (except public administration, defense, compulsory social security)",Iceland,2011,17.8,,
ESTAT:TESEM180(1.0),26/02/26 23:00:00,Annual,Percentage,"Industry, construction and services (except public administration, defense, compulsory social security)",Iceland,2012,17.7,,
ESTAT:TESEM180(1.0),26/02/26 23:00:00,Annual,Percentage,"Industry, construction and services (except public administration, defense, compulsory social security)",Iceland,2013,19.0,,
ESTAT:TESEM180(1.0),26/02/26 23:00:00,Annual,Percentage,"Industry, construction and services (except public administration, defense, compulsory social security)",Iceland,2014,16.7,,
ESTAT:TESEM180(1.0),26/02/26 23:00:00,Annual,Percentage,"Industry, construction and services (except public administration, defense, compulsory social security)",Iceland,2015,17.5,,
ESTAT:TESEM180(1.0),26/02/26 23:00:00,Annual,Percentage,"Industry, construction and services (except public administration, defense, compulsory social security)",Iceland,2016,15.8,,
ESTAT:TESEM180(1.0),26/02/26 23:00:00,Annual,Percentage,"Industry, construction and services (except public administration, defense, compulsory social security)",Iceland,2017,15.3,,
ESTAT:TESEM180(1.0),26/02/26 23:00:00,Annual,Percentage,"Industry, construction and services (except public administration, defense, compulsory social security)",Iceland,2018,13.8,,
ESTAT:TESEM180(1.0),26/02/26 23:00:00,Annual,Percentage,"Industry, construction and services (except public administration, defense, compulsory social security)",Iceland,2019,14.1,p,
ESTAT:TESEM180(1.0),26/02/26 23:00:00,Annual,Percentage,"Industry, construction and services (except public administration, defense, compulsory social security)",Iceland,2020,12.0,,
ESTAT:TESEM180(1.0),26/02/26 23:00:00,Annual,Percentage,"Industry, construction and services (except public administration, defense, compulsory social security)",Iceland,2021,10.2,,
ESTAT:TESEM180(1.0),26/02/26 23:00:00,Annual,Percentage,"Industry, construction and services (except public administration, defense, compulsory social security)",Iceland,2022,9.0,,
ESTAT:TESEM180(1.0),26/02/26 23:00:00,Annual,Percentage,"Industry, construction and services (except public administration, defense, compulsory social security)",Iceland,2023,9.7,p,
ESTAT:TESEM180(1.0),26/02/26 23:00:00,Annual,Percentage,"Industry, construction and services (except public administration, defense, compulsory social security)",Iceland,2024,11.1,p,
ESTAT:TESEM180(1.0),26/02/26 23:00:00,Annual,Percentage,"Industry, construction and services (except public administration, defense, compulsory social security)",Italy,2007,5.1,,
ESTAT:TESEM180(1.0),26/02/26 23:00:00,Annual,Percentage,"Industry, construction and services (except public administration, defense, compulsory social security)",Italy,2008,4.9,,
ESTAT:TESEM180(1.0),26/02/26 23:00:00,Annual,Percentage,"Industry, construction and services (except public administration, defense, compulsory social security)",Italy,2009,5.5,,
ESTAT:TESEM180(1.0),26/02/26 23:00:00,Annual,Percentage,"Industry, construction and services (except public administration, defense, compulsory social security)",Italy,2010,5.3,,
ESTAT:TESEM180(1.0),26/02/26 23:00:00,Annual,Percentage,"Industry, construction and services (except public administration, defense, compulsory social security)",Italy,2011,5.7,,
ESTAT:TESEM180(1.0),26/02/26 23:00:00,Annual,Percentage,"Industry, construction and services (except public administration, defense, compulsory social security)",Italy,2012,6.5,,
ESTAT:TESEM180(1.0),26/02/26 23:00:00,Annual,Percentage,"Industry, construction and services (except public administration, defense, compulsory social security)",Italy,2013,7.0,,
ESTAT:TESEM180(1.0),26/02/26 23:00:00,Annual,Percentage,"Industry, construction and services (except public administration, defense, compulsory social security)",Italy,2014,6.1,,
ESTAT:TESEM180(1.0),26/02/26 23:00:00,Annual,Percentage,"Industry, construction and services (except public administration, defense, compulsory social security)",Italy,2015,5.5,p,
ESTAT:TESEM180(1.0),26/02/26 23:00:00,Annual,Percentage,"Industry, construction and services (except public administration, defense, compulsory social security)",Italy,2016,5.3,p,
ESTAT:TESEM180(1.0),26/02/26 23:00:00,Annual,Percentage,"Industry, construction and services (except public administration, defense, compulsory social security)",Italy,2017,5,p,
ESTAT:TESEM180(1.0),26/02/26 23:00:00,Annual,Percentage,"Industry, construction and services (except public administration, defense, compulsory social security)",Italy,2018,5.5,,
ESTAT:TESEM180(1.0),26/02/26 23:00:00,Annual,Percentage,"Industry, construction and services (except public administration, defense, compulsory social security)",Italy,2019,4.6,,
ESTAT:TESEM180(1.0),26/02/26 23:00:00,Annual,Percentage,"Industry, construction and services (except public administration, defense, compulsory social security)",Italy,2020,4.0,,
ESTAT:TESEM180(1.0),26/02/26 23:00:00,Annual,Percentage,"Industry, construction and services (except public administration, defense, compulsory social security)",Italy,2021,4.7,,
ESTAT:TESEM180(1.0),26/02/26 23:00:00,Annual,Percentage,"Industry, construction and services (except public administration, defense, compulsory social security)",Italy,2022,3.8,,
ESTAT:TESEM180(1.0),26/02/26 23:00:00,Annual,Percentage,"Industry, construction and services (except public administration, defense, compulsory social security)",Italy,2023,2.2,p,
ESTAT:TESEM180(1.0),26/02/26 23:00:00,Annual,Percentage,"Industry, construction and services (except public administration, defense, compulsory social security)",Italy,2024,5.3,p,
ESTAT:TESEM180(1.0),26/02/26 23:00:00,Annual,Percentage,"Industry, construction and services (except public administration, defense, compulsory social security)",Lithuania,2007,22.6,,
ESTAT:TESEM180(1.0),26/02/26 23:00:00,Annual,Percentage,"Industry, construction and services (except public administration, defense, compulsory social security)",Lithuania,2008,21.6,,
ESTAT:TESEM180(1.0),26/02/26 23:00:00,Annual,Percentage,"Industry, construction and services (except public administration, defense, compulsory social security)",Lithuania,2009,15.3,,
ESTAT:TESEM180(1.0),26/02/26 23:00:00,Annual,Percentage,"Industry, construction and services (except public administration, defense, compulsory social security)",Lithuania,2010,11.9,b,
ESTAT:TESEM180(1.0),26/02/26 23:00:00,Annual,Percentage,"Industry, construction and services (except public administration, defense, compulsory social security)",Lithuania,2011,11.5,,
ESTAT:TESEM180(1.0),26/02/26 23:00:00,Annual,Percentage,"Industry, construction and services (except public administration, defense, compulsory social security)",Lithuania,2012,11.9,,
ESTAT:TESEM180(1.0),26/02/26 23:00:00,Annual,Percentage,"Industry, construction and services (except public administration, defense, compulsory social security)",Lithuania,2013,12.2,,
ESTAT:TESEM180(1.0),26/02/26 23:00:00,Annual,Percentage,"Industry, construction and services (except public administration, defense, compulsory social security)",Lithuania,2014,13.3,,
ESTAT:TESEM180(1.0),26/02/26 23:00:00,Annual,Percentage,"Industry, construction and services (except public administration, defense, compulsory social security)",Lithuania,2015,14.2,,
ESTAT:TESEM180(1.0),26/02/26 23:00:00,Annual,Percentage,"Industry, construction and services (except public administration, defense, compulsory social security)",Lithuania,2016,14.4,,
ESTAT:TESEM180(1.0),26/02/26 23:00:00,Annual,Percentage,"Industry, construction and services (except public administration, defense, compulsory social security)",Lithuania,2017,15.2,,
ESTAT:TESEM180(1.0),26/02/26 23:00:00,Annual,Percentage,"Industry, construction and services (except public administration, defense, compulsory social security)",Lithuania,2018,14.0,,
ESTAT:TESEM180(1.0),26/02/26 23:00:00,Annual,Percentage,"Industry, construction and services (except public administration, defense, compulsory social security)",Lithuania,2019,12.9,,
ESTAT:TESEM180(1.0),26/02/26 23:00:00,Annual,Percentage,"Industry, construction and services (except public administration, defense, compulsory social security)",Lithuania,2020,12.3,,
ESTAT:TESEM180(1.0),26/02/26 23:00:00,Annual,Percentage,"Industry, construction and services (except public administration, defense, compulsory social security)",Lithuania,2021,10.9,,
ESTAT:TESEM180(1.0),26/02/26 23:00:00,Annual,Percentage,"Industry, construction and services (except public administration, defense, compulsory social security)",Lithuania,2022,10.5,,
ESTAT:TESEM180(1.0),26/02/26 23:00:00,Annual,Percentage,"Industry, construction and services (except public administration, defense, compulsory social security)",Lithuania,2023,11.5,p,
ESTAT:TESEM180(1.0),26/02/26 23:00:00,Annual,Percentage,"Industry, construction and services (except public administration, defense, compulsory social security)",Lithuania,2024,10,p,
ESTAT:TESEM180(1.0),26/02/26 23:00:00,Annual,Percentage,"Industry, construction and services (except public administration, defense, compulsory social security)",Luxembourg,2007,10.2,,
ESTAT:TESEM180(1.0),26/02/26 23:00:00,Annual,Percentage,"Industry, construction and services (except public administration, defense, compulsory social security)",Luxembourg,2008,9.7,,
ESTAT:TESEM180(1.0),26/02/26 23:00:00,Annual,Percentage,"Industry, construction and services (except public administration, defense, compulsory social security)",Luxembourg,2009,9.2,,
ESTAT:TESEM180(1.0),26/02/26 23:00:00,Annual,Percentage,"Industry, construction and services (except public administration, defense, compulsory social security)",Luxembourg,2010,8.7,,
ESTAT:TESEM180(1.0),26/02/26 23:00:00,Annual,Percentage,"Industry, construction and services (except public administration, defense, compulsory social security)",Luxembourg,2011,7.9,,
ESTAT:TESEM180(1.0),26/02/26 23:00:00,Annual,Percentage,"Industry, construction and services (except public administration, defense, compulsory social security)",Luxembourg,2012,7.0,,
ESTAT:TESEM180(1.0),26/02/26 23:00:00,Annual,Percentage,"Industry, construction and services (except public administration, defense, compulsory social security)",Luxembourg,2013,6.2,,
ESTAT:TESEM180(1.0),26/02/26 23:00:00,Annual,Percentage,"Industry, construction and services (except public administration, defense, compulsory social security)",Luxembourg,2014,5.4,,
ESTAT:TESEM180(1.0),26/02/26 23:00:00,Annual,Percentage,"Industry, construction and services (except public administration, defense, compulsory social security)",Luxembourg,2015,4.7,,
ESTAT:TESEM180(1.0),26/02/26 23:00:00,Annual,Percentage,"Industry, construction and services (except public administration, defense, compulsory social security)",Luxembourg,2016,3.9,,
ESTAT:TESEM180(1.0),26/02/26 23:00:00,Annual,Percentage,"Industry, construction and services (except public administration, defense, compulsory social security)",Luxembourg,2017,2.6,,
ESTAT:TESEM180(1.0),26/02/26 23:00:00,Annual,Percentage,"Industry, construction and services (except public administration, defense, compulsory social security)",Luxembourg,2018,1.4,,
ESTAT:TESEM180(1.0),26/02/26 23:00:00,Annual,Percentage,"Industry, construction and services (except public administration, defense, compulsory social security)",Luxembourg,2019,0.9,,
ESTAT:TESEM180(1.0),26/02/26 23:00:00,Annual,Percentage,"Industry, construction and services (except public administration, defense, compulsory social security)",Luxembourg,2020,0.3,,
ESTAT:TESEM180(1.0),26/02/26 23:00:00,Annual,Percentage,"Industry, construction and services (except public administration, defense, compulsory social security)",Luxembourg,2021,-0.2,,
ESTAT:TESEM180(1.0),26/02/26 23:00:00,Annual,Percentage,"Industry, construction and services (except public administration, defense, compulsory social security)",Luxembourg,2022,-0.7,,
ESTAT:TESEM180(1.0),26/02/26 23:00:00,Annual,Percentage,"Industry, construction and services (except public administration, defense, compulsory social security)",Luxembourg,2023,-0.9,p,
ESTAT:TESEM180(1.0),26/02/26 23:00:00,Annual,Percentage,"Industry, construction and services (except public administration, defense, compulsory social security)",Luxembourg,2024,-0.8,p,
ESTAT:TESEM180(1.0),26/02/26 23:00:00,Annual,Percentage,"Industry, construction and services (except public administration, defense, compulsory social security)",Latvia,2007,13.6,,
ESTAT:TESEM180(1.0),26/02/26 23:00:00,Annual,Percentage,"Industry, construction and services (except public administration, defense, compulsory social security)",Latvia,2008,11.8,,
ESTAT:TESEM180(1.0),26/02/26 23:00:00,Annual,Percentage,"Industry, construction and services (except public administration, defense, compulsory social security)",Latvia,2009,13.1,,
ESTAT:TESEM180(1.0),26/02/26 23:00:00,Annual,Percentage,"Industry, construction and services (except public administration, defense, compulsory social security)",Latvia,2010,15.5,,
ESTAT:TESEM180(1.0),26/02/26 23:00:00,Annual,Percentage,"Industry, construction and services (except public administration, defense, compulsory social security)",Latvia,2011,14.1,,
ESTAT:TESEM180(1.0),26/02/26 23:00:00,Annual,Percentage,"Industry, construction and services (except public administration, defense, compulsory social security)",Latvia,2012,14.9,,
ESTAT:TESEM180(1.0),26/02/26 23:00:00,Annual,Percentage,"Industry, construction and services (except public administration, defense, compulsory social security)",Latvia,2013,16.0,,
ESTAT:TESEM180(1.0),26/02/26 23:00:00,Annual,Percentage,"Industry, construction and services (except public administration, defense, compulsory social security)",Latvia,2014,17.3,,
ESTAT:TESEM180(1.0),26/02/26 23:00:00,Annual,Percentage,"Industry, construction and services (except public administration, defense, compulsory social security)",Latvia,2015,18.4,,
ESTAT:TESEM180(1.0),26/02/26 23:00:00,Annual,Percentage,"Industry, construction and services (except public administration, defense, compulsory social security)",Latvia,2016,19.7,,
ESTAT:TESEM180(1.0),26/02/26 23:00:00,Annual,Percentage,"Industry, construction and services (except public administration, defense, compulsory social security)",Latvia,2017,19.8,,
ESTAT:TESEM180(1.0),26/02/26 23:00:00,Annual,Percentage,"Industry, construction and services (except public administration, defense, compulsory social security)",Latvia,2018,19.6,,
ESTAT:TESEM180(1.0),26/02/26 23:00:00,Annual,Percentage,"Industry, construction and services (except public administration, defense, compulsory social security)",Latvia,2019,21.6,,
ESTAT:TESEM180(1.0),26/02/26 23:00:00,Annual,Percentage,"Industry, construction and services (except public administration, defense, compulsory social security)",Latvia,2020,23.2,,
ESTAT:TESEM180(1.0),26/02/26 23:00:00,Annual,Percentage,"Industry, construction and services (except public administration, defense, compulsory social security)",Latvia,2021,15.9,,
ESTAT:TESEM180(1.0),26/02/26 23:00:00,Annual,Percentage,"Industry, construction and services (except public administration, defense, compulsory social security)",Latvia,2022,18.9,,
ESTAT:TESEM180(1.0),26/02/26 23:00:00,Annual,Percentage,"Industry, construction and services (except public administration, defense, compulsory social security)",Latvia,2023,16.4,p,
ESTAT:TESEM180(1.0),26/02/26 23:00:00,Annual,Percentage,"Industry, construction and services (except public administration, defense, compulsory social security)",Latvia,2024,13.9,p,
ESTAT:TESEM180(1.0),26/02/26 23:00:00,Annual,Percentage,"Industry, construction and services (except public administration, defense, compulsory social security)",Montenegro,2014,7.7,,
ESTAT:TESEM180(1.0),26/02/26 23:00:00,Annual,Percentage,"Industry, construction and services (except public administration, defense, compulsory social security)",North Macedonia,2014,9.1,,
ESTAT:TESEM180(1.0),26/02/26 23:00:00,Annual,Percentage,"Industry, construction and services (except public administration, defense, compulsory social security)",Malta,2007,7.8,,
ESTAT:TESEM180(1.0),26/02/26 23:00:00,Annual,Percentage,"Industry, construction and services (except public administration, defense, compulsory social security)",Malta,2008,9.2,,
ESTAT:TESEM180(1.0),26/02/26 23:00:00,Annual,Percentage,"Industry, construction and services (except public administration, defense, compulsory social security)",Malta,2009,7.7,,
ESTAT:TESEM180(1.0),26/02/26 23:00:00,Annual,Percentage,"Industry, construction and services (except public administration, defense, compulsory social security)",Malta,2010,7.2,,
ESTAT:TESEM180(1.0),26/02/26 23:00:00,Annual,Percentage,"Industry, construction and services (except public administration, defense, compulsory social security)",Malta,2011,7.7,,
ESTAT:TESEM180(1.0),26/02/26 23:00:00,Annual,Percentage,"Industry, construction and services (except public administration, defense, compulsory social security)",Malta,2012,9.5,,
ESTAT:TESEM180(1.0),26/02/26 23:00:00,Annual,Percentage,"Industry, construction and services (except public administration, defense, compulsory social security)",Malta,2013,9.7,,
ESTAT:TESEM180(1.0),26/02/26 23:00:00,Annual,Percentage,"Industry, construction and services (except public administration, defense, compulsory social security)",Malta,2014,10.6,,
ESTAT:TESEM180(1.0),26/02/26 23:00:00,Annual,Percentage,"Industry, construction and services (except public administration, defense, compulsory social security)",Malta,2015,10.7,,
ESTAT:TESEM180(1.0),26/02/26 23:00:00,Annual,Percentage,"Industry, construction and services (except public administration, defense, compulsory social security)",Malta,2016,11.6,,
ESTAT:TESEM180(1.0),26/02/26 23:00:00,Annual,Percentage,"Industry, construction and services (except public administration, defense, compulsory social security)",Malta,2017,13.2,,
ESTAT:TESEM180(1.0),26/02/26 23:00:00,Annual,Percentage,"Industry, construction and services (except public administration, defense, compulsory social security)",Malta,2018,13.0,,
ESTAT:TESEM180(1.0),26/02/26 23:00:00,Annual,Percentage,"Industry, construction and services (except public administration, defense, compulsory social security)",Malta,2019,10.5,,
ESTAT:TESEM180(1.0),26/02/26 23:00:00,Annual,Percentage,"Industry, construction and services (except public administration, defense, compulsory social security)",Malta,2020,7.9,,
ESTAT:TESEM180(1.0),26/02/26 23:00:00,Annual,Percentage,"Industry, construction and services (except public administration, defense, compulsory social security)",Malta,2021,7.2,,
ESTAT:TESEM180(1.0),26/02/26 23:00:00,Annual,Percentage,"Industry, construction and services (except public administration, defense, compulsory social security)",Malta,2022,5.8,,
ESTAT:TESEM180(1.0),26/02/26 23:00:00,Annual,Percentage,"Industry, construction and services (except public administration, defense, compulsory social security)",Malta,2023,5.1,p,
ESTAT:TESEM180(1.0),26/02/26 23:00:00,Annual,Percentage,"Industry, construction and services (except public administration, defense, compulsory social security)",Malta,2024,4.9,p,
ESTAT:TESEM180(1.0),26/02/26 23:00:00,Annual,Percentage,"Industry, construction and services (except public administration, defense, compulsory social security)",Netherlands,2007,19.3,,
ESTAT:TESEM180(1.0),26/02/26 23:00:00,Annual,Percentage,"Industry, construction and services (except public administration, defense, compulsory social security)",Netherlands,2008,18.9,,
ESTAT:TESEM180(1.0),26/02/26 23:00:00,Annual,Percentage,"Industry, construction and services (except public administration, defense, compulsory social security)",Netherlands,2009,18.5,,
ESTAT:TESEM180(1.0),26/02/26 23:00:00,Annual,Percentage,"Industry, construction and services (except public administration, defense, compulsory social security)",Netherlands,2010,17.8,,
ESTAT:TESEM180(1.0),26/02/26 23:00:00,Annual,Percentage,"Industry, construction and services (except public administration, defense, compulsory social security)",Netherlands,2011,18.8,,
ESTAT:TESEM180(1.0),26/02/26 23:00:00,Annual,Percentage,"Industry, construction and services (except public administration, defense, compulsory social security)",Netherlands,2012,18.0,,
ESTAT:TESEM180(1.0),26/02/26 23:00:00,Annual,Percentage,"Industry, construction and services (except public administration, defense, compulsory social security)",Netherlands,2013,17.2,,
ESTAT:TESEM180(1.0),26/02/26 23:00:00,Annual,Percentage,"Industry, construction and services (except public administration, defense, compulsory social security)",Netherlands,2014,17.0,,
ESTAT:TESEM180(1.0),26/02/26 23:00:00,Annual,Percentage,"Industry, construction and services (except public administration, defense, compulsory social security)",Netherlands,2015,16.1,,
ESTAT:TESEM180(1.0),26/02/26 23:00:00,Annual,Percentage,"Industry, construction and services (except public administration, defense, compulsory social security)",Netherlands,2016,15.6,,
ESTAT:TESEM180(1.0),26/02/26 23:00:00,Annual,Percentage,"Industry, construction and services (except public administration, defense, compulsory social security)",Netherlands,2017,15.1,,
ESTAT:TESEM180(1.0),26/02/26 23:00:00,Annual,Percentage,"Industry, construction and services (except public administration, defense, compulsory social security)",Netherlands,2018,14.7,,
ESTAT:TESEM180(1.0),26/02/26 23:00:00,Annual,Percentage,"Industry, construction and services (except public administration, defense, compulsory social security)",Netherlands,2019,14.9,,
ESTAT:TESEM180(1.0),26/02/26 23:00:00,Annual,Percentage,"Industry, construction and services (except public administration, defense, compulsory social security)",Netherlands,2020,14.7,,
ESTAT:TESEM180(1.0),26/02/26 23:00:00,Annual,Percentage,"Industry, construction and services (except public administration, defense, compulsory social security)",Netherlands,2021,14.3,,
ESTAT:TESEM180(1.0),26/02/26 23:00:00,Annual,Percentage,"Industry, construction and services (except public administration, defense, compulsory social security)",Netherlands,2022,14.0,,
ESTAT:TESEM180(1.0),26/02/26 23:00:00,Annual,Percentage,"Industry, construction and services (except public administration, defense, compulsory social security)",Netherlands,2023,12.5,p,
ESTAT:TESEM180(1.0),26/02/26 23:00:00,Annual,Percentage,"Industry, construction and services (except public administration, defense, compulsory social security)",Netherlands,2024,11.2,p,
ESTAT:TESEM180(1.0),26/02/26 23:00:00,Annual,Percentage,"Industry, construction and services (except public administration, defense, compulsory social security)",Norway,2007,15.6,,
ESTAT:TESEM180(1.0),26/02/26 23:00:00,Annual,Percentage,"Industry, construction and services (except public administration, defense, compulsory social security)",Norway,2008,17.0,,
ESTAT:TESEM180(1.0),26/02/26 23:00:00,Annual,Percentage,"Industry, construction and services (except public administration, defense, compulsory social security)",Norway,2009,16.5,,
ESTAT:TESEM180(1.0),26/02/26 23:00:00,Annual,Percentage,"Industry, construction and services (except public administration, defense, compulsory social security)",Norway,2010,16.1,,
ESTAT:TESEM180(1.0),26/02/26 23:00:00,Annual,Percentage,"Industry, construction and services (except public administration, defense, compulsory social security)",Norway,2011,15.7,,
ESTAT:TESEM180(1.0),26/02/26 23:00:00,Annual,Percentage,"Industry, construction and services (except public administration, defense, compulsory social security)",Norway,2012,14.7,,
ESTAT:TESEM180(1.0),26/02/26 23:00:00,Annual,Percentage,"Industry, construction and services (except public administration, defense, compulsory social security)",Norway,2013,15.5,,
ESTAT:TESEM180(1.0),26/02/26 23:00:00,Annual,Percentage,"Industry, construction and services (except public administration, defense, compulsory social security)",Norway,2014,14.5,,
ESTAT:TESEM180(1.0),26/02/26 23:00:00,Annual,Percentage,"Industry, construction and services (except public administration, defense, compulsory social security)",Norway,2015,16.0,,
ESTAT:TESEM180(1.0),26/02/26 23:00:00,Annual,Percentage,"Industry, construction and services (except public administration, defense, compulsory social security)",Norway,2016,14.5,,
ESTAT:TESEM180(1.0),26/02/26 23:00:00,Annual,Percentage,"Industry, construction and services (except public administration, defense, compulsory social security)",Norway,2017,13.7,,
ESTAT:TESEM180(1.0),26/02/26 23:00:00,Annual,Percentage,"Industry, construction and services (except public administration, defense, compulsory social security)",Norway,2018,13.2,,
ESTAT:TESEM180(1.0),26/02/26 23:00:00,Annual,Percentage,"Industry, construction and services (except public administration, defense, compulsory social security)",Norway,2019,13.3,d,
ESTAT:TESEM180(1.0),26/02/26 23:00:00,Annual,Percentage,"Industry, construction and services (except public administration, defense, compulsory social security)",Norway,2020,13.6,d,
ESTAT:TESEM180(1.0),26/02/26 23:00:00,Annual,Percentage,"Industry, construction and services (except public administration, defense, compulsory social security)",Norway,2021,13.4,d,
ESTAT:TESEM180(1.0),26/02/26 23:00:00,Annual,Percentage,"Industry, construction and services (except public administration, defense, compulsory social security)",Norway,2022,13.7,d,
ESTAT:TESEM180(1.0),26/02/26 23:00:00,Annual,Percentage,"Industry, construction and services (except public administration, defense, compulsory social security)",Norway,2023,12.8,dp,
ESTAT:TESEM180(1.0),26/02/26 23:00:00,Annual,Percentage,"Industry, construction and services (except public administration, defense, compulsory social security)",Norway,2024,13,dp,
ESTAT:TESEM180(1.0),26/02/26 23:00:00,Annual,Percentage,"Industry, construction and services (except public administration, defense, compulsory social security)",Poland,2007,14.9,,
ESTAT:TESEM180(1.0),26/02/26 23:00:00,Annual,Percentage,"Industry, construction and services (except public administration, defense, compulsory social security)",Poland,2008,11.4,,
ESTAT:TESEM180(1.0),26/02/26 23:00:00,Annual,Percentage,"Industry, construction and services (except public administration, defense, compulsory social security)",Poland,2009,8.0,,
ESTAT:TESEM180(1.0),26/02/26 23:00:00,Annual,Percentage,"Industry, construction and services (except public administration, defense, compulsory social security)",Poland,2010,4.5,,
ESTAT:TESEM180(1.0),26/02/26 23:00:00,Annual,Percentage,"Industry, construction and services (except public administration, defense, compulsory social security)",Poland,2011,5.5,,
ESTAT:TESEM180(1.0),26/02/26 23:00:00,Annual,Percentage,"Industry, construction and services (except public administration, defense, compulsory social security)",Poland,2012,6.4,,
ESTAT:TESEM180(1.0),26/02/26 23:00:00,Annual,Percentage,"Industry, construction and services (except public administration, defense, compulsory social security)",Poland,2013,7.1,,
ESTAT:TESEM180(1.0),26/02/26 23:00:00,Annual,Percentage,"Industry, construction and services (except public administration, defense, compulsory social security)",Poland,2014,7.7,,
ESTAT:TESEM180(1.0),26/02/26 23:00:00,Annual,Percentage,"Industry, construction and services (except public administration, defense, compulsory social security)",Poland,2015,7.3,,
ESTAT:TESEM180(1.0),26/02/26 23:00:00,Annual,Percentage,"Industry, construction and services (except public administration, defense, compulsory social security)",Poland,2016,7.1,,
ESTAT:TESEM180(1.0),26/02/26 23:00:00,Annual,Percentage,"Industry, construction and services (except public administration, defense, compulsory social security)",Poland,2017,7.0,,
ESTAT:TESEM180(1.0),26/02/26 23:00:00,Annual,Percentage,"Industry, construction and services (except public administration, defense, compulsory social security)",Poland,2018,8.5,,
ESTAT:TESEM180(1.0),26/02/26 23:00:00,Annual,Percentage,"Industry, construction and services (except public administration, defense, compulsory social security)",Poland,2019,6.5,,
ESTAT:TESEM180(1.0),26/02/26 23:00:00,Annual,Percentage,"Industry, construction and services (except public administration, defense, compulsory social security)",Poland,2020,4.5,,
ESTAT:TESEM180(1.0),26/02/26 23:00:00,Annual,Percentage,"Industry, construction and services (except public administration, defense, compulsory social security)",Poland,2021,6.2,,
ESTAT:TESEM180(1.0),26/02/26 23:00:00,Annual,Percentage,"Industry, construction and services (except public administration, defense, compulsory social security)",Poland,2022,7.8,,
ESTAT:TESEM180(1.0),26/02/26 23:00:00,Annual,Percentage,"Industry, construction and services (except public administration, defense, compulsory social security)",Poland,2023,5.9,,
ESTAT:TESEM180(1.0),26/02/26 23:00:00,Annual,Percentage,"Industry, construction and services (except public administration, defense, compulsory social security)",Poland,2024,4.0,,
ESTAT:TESEM180(1.0),26/02/26 23:00:00,Annual,Percentage,"Industry, construction and services (except public administration, defense, compulsory social security)",Portugal,2007,8.5,,
ESTAT:TESEM180(1.0),26/02/26 23:00:00,Annual,Percentage,"Industry, construction and services (except public administration, defense, compulsory social security)",Portugal,2008,9.2,,
ESTAT:TESEM180(1.0),26/02/26 23:00:00,Annual,Percentage,"Industry, construction and services (except public administration, defense, compulsory social security)",Portugal,2009,10.0,,
ESTAT:TESEM180(1.0),26/02/26 23:00:00,Annual,Percentage,"Industry, construction and services (except public administration, defense, compulsory social security)",Portugal,2010,12.8,,
ESTAT:TESEM180(1.0),26/02/26 23:00:00,Annual,Percentage,"Industry, construction and services (except public administration, defense, compulsory social security)",Portugal,2011,12.9,,
ESTAT:TESEM180(1.0),26/02/26 23:00:00,Annual,Percentage,"Industry, construction and services (except public administration, defense, compulsory social security)",Portugal,2012,15.0,,
ESTAT:TESEM180(1.0),26/02/26 23:00:00,Annual,Percentage,"Industry, construction and services (except public administration, defense, compulsory social security)",Portugal,2013,13.3,,
ESTAT:TESEM180(1.0),26/02/26 23:00:00,Annual,Percentage,"Industry, construction and services (except public administration, defense, compulsory social security)",Portugal,2014,14.9,,
ESTAT:TESEM180(1.0),26/02/26 23:00:00,Annual,Percentage,"Industry, construction and services (except public administration, defense, compulsory social security)",Portugal,2015,16.0,,
ESTAT:TESEM180(1.0),26/02/26 23:00:00,Annual,Percentage,"Industry, construction and services (except public administration, defense, compulsory social security)",Portugal,2016,13.9,,
ESTAT:TESEM180(1.0),26/02/26 23:00:00,Annual,Percentage,"Industry, construction and services (except public administration, defense, compulsory social security)",Portugal,2017,10.8,,
ESTAT:TESEM180(1.0),26/02/26 23:00:00,Annual,Percentage,"Industry, construction and services (except public administration, defense, compulsory social security)",Portugal,2018,8.9,,
ESTAT:TESEM180(1.0),26/02/26 23:00:00,Annual,Percentage,"Industry, construction and services (except public administration, defense, compulsory social security)",Portugal,2019,9.4,,
ESTAT:TESEM180(1.0),26/02/26 23:00:00,Annual,Percentage,"Industry, construction and services (except public administration, defense, compulsory social security)",Portugal,2020,8.3,,
ESTAT:TESEM180(1.0),26/02/26 23:00:00,Annual,Percentage,"Industry, construction and services (except public administration, defense, compulsory social security)",Portugal,2021,7.1,,
ESTAT:TESEM180(1.0),26/02/26 23:00:00,Annual,Percentage,"Industry, construction and services (except public administration, defense, compulsory social security)",Portugal,2022,6.3,,
ESTAT:TESEM180(1.0),26/02/26 23:00:00,Annual,Percentage,"Industry, construction and services (except public administration, defense, compulsory social security)",Portugal,2023,8.6,p,
ESTAT:TESEM180(1.0),26/02/26 23:00:00,Annual,Percentage,"Industry, construction and services (except public administration, defense, compulsory social security)",Portugal,2024,7,p,
ESTAT:TESEM180(1.0),26/02/26 23:00:00,Annual,Percentage,"Industry, construction and services (except public administration, defense, compulsory social security)",Romania,2007,12.5,d,
ESTAT:TESEM180(1.0),26/02/26 23:00:00,Annual,Percentage,"Industry, construction and services (except public administration, defense, compulsory social security)",Romania,2008,8.5,d,
ESTAT:TESEM180(1.0),26/02/26 23:00:00,Annual,Percentage,"Industry, construction and services (except public administration, defense, compulsory social security)",Romania,2009,7.4,d,
ESTAT:TESEM180(1.0),26/02/26 23:00:00,Annual,Percentage,"Industry, construction and services (except public administration, defense, compulsory social security)",Romania,2010,8.8,,
ESTAT:TESEM180(1.0),26/02/26 23:00:00,Annual,Percentage,"Industry, construction and services (except public administration, defense, compulsory social security)",Romania,2011,9.6,,
ESTAT:TESEM180(1.0),26/02/26 23:00:00,Annual,Percentage,"Industry, construction and services (except public administration, defense, compulsory social security)",Romania,2012,6.9,,
ESTAT:TESEM180(1.0),26/02/26 23:00:00,Annual,Percentage,"Industry, construction and services (except public administration, defense, compulsory social security)",Romania,2013,4.9,,
ESTAT:TESEM180(1.0),26/02/26 23:00:00,Annual,Percentage,"Industry, construction and services (except public administration, defense, compulsory social security)",Romania,2014,4.5,,
ESTAT:TESEM180(1.0),26/02/26 23:00:00,Annual,Percentage,"Industry, construction and services (except public administration, defense, compulsory social security)",Romania,2015,5.6,e,
ESTAT:TESEM180(1.0),26/02/26 23:00:00,Annual,Percentage,"Industry, construction and services (except public administration, defense, compulsory social security)",Romania,2016,4.8,e,
ESTAT:TESEM180(1.0),26/02/26 23:00:00,Annual,Percentage,"Industry, construction and services (except public administration, defense, compulsory social security)",Romania,2017,2.9,e,
ESTAT:TESEM180(1.0),26/02/26 23:00:00,Annual,Percentage,"Industry, construction and services (except public administration, defense, compulsory social security)",Romania,2018,2.2,,
ESTAT:TESEM180(1.0),26/02/26 23:00:00,Annual,Percentage,"Industry, construction and services (except public administration, defense, compulsory social security)",Romania,2019,2.6,,
ESTAT:TESEM180(1.0),26/02/26 23:00:00,Annual,Percentage,"Industry, construction and services (except public administration, defense, compulsory social security)",Romania,2020,0.9,,
ESTAT:TESEM180(1.0),26/02/26 23:00:00,Annual,Percentage,"Industry, construction and services (except public administration, defense, compulsory social security)",Romania,2021,1.4,,
ESTAT:TESEM180(1.0),26/02/26 23:00:00,Annual,Percentage,"Industry, construction and services (except public administration, defense, compulsory social security)",Romania,2022,1.5,,
ESTAT:TESEM180(1.0),26/02/26 23:00:00,Annual,Percentage,"Industry, construction and services (except public administration, defense, compulsory social security)",Romania,2023,3.8,e,
ESTAT:TESEM180(1.0),26/02/26 23:00:00,Annual,Percentage,"Industry, construction and services (except public administration, defense, compulsory social security)",Romania,2024,3.7,e,
ESTAT:TESEM180(1.0),26/02/26 23:00:00,Annual,Percentage,"Industry, construction and services (except public administration, defense, compulsory social security)",Serbia,2014,8.7,,
ESTAT:TESEM180(1.0),26/02/26 23:00:00,Annual,Percentage,"Industry, construction and services (except public administration, defense, compulsory social security)",Serbia,2018,9.6,,
ESTAT:TESEM180(1.0),26/02/26 23:00:00,Annual,Percentage,"Industry, construction and services (except public administration, defense, compulsory social security)",Sweden,2007,17.8,,
ESTAT:TESEM180(1.0),26/02/26 23:00:00,Annual,Percentage,"Industry, construction and services (except public administration, defense, compulsory social security)",Sweden,2008,16.9,,
ESTAT:TESEM180(1.0),26/02/26 23:00:00,Annual,Percentage,"Industry, construction and services (except public administration, defense, compulsory social security)",Sweden,2009,15.7,,
ESTAT:TESEM180(1.0),26/02/26 23:00:00,Annual,Percentage,"Industry, construction and services (except public administration, defense, compulsory social security)",Sweden,2010,15.4,,
ESTAT:TESEM180(1.0),26/02/26 23:00:00,Annual,Percentage,"Industry, construction and services (except public administration, defense, compulsory social security)",Sweden,2011,15.6,,
ESTAT:TESEM180(1.0),26/02/26 23:00:00,Annual,Percentage,"Industry, construction and services (except public administration, defense, compulsory social security)",Sweden,2012,15.5,,
ESTAT:TESEM180(1.0),26/02/26 23:00:00,Annual,Percentage,"Industry, construction and services (except public administration, defense, compulsory social security)",Sweden,2013,14.6,,
ESTAT:TESEM180(1.0),26/02/26 23:00:00,Annual,Percentage,"Industry, construction and services (except public administration, defense, compulsory social security)",Sweden,2014,13.8,,
ESTAT:TESEM180(1.0),26/02/26 23:00:00,Annual,Percentage,"Industry, construction and services (except public administration, defense, compulsory social security)",Sweden,2015,14.0,,
ESTAT:TESEM180(1.0),26/02/26 23:00:00,Annual,Percentage,"Industry, construction and services (except public administration, defense, compulsory social security)",Sweden,2016,13.3,,
ESTAT:TESEM180(1.0),26/02/26 23:00:00,Annual,Percentage,"Industry, construction and services (except public administration, defense, compulsory social security)",Sweden,2017,12.5,,
ESTAT:TESEM180(1.0),26/02/26 23:00:00,Annual,Percentage,"Industry, construction and services (except public administration, defense, compulsory social security)",Sweden,2018,12.1,,
ESTAT:TESEM180(1.0),26/02/26 23:00:00,Annual,Percentage,"Industry, construction and services (except public administration, defense, compulsory social security)",Sweden,2019,11.1,,
ESTAT:TESEM180(1.0),26/02/26 23:00:00,Annual,Percentage,"Industry, construction and services (except public administration, defense, compulsory social security)",Sweden,2020,10.5,,
ESTAT:TESEM180(1.0),26/02/26 23:00:00,Annual,Percentage,"Industry, construction and services (except public administration, defense, compulsory social security)",Sweden,2021,10.3,,
ESTAT:TESEM180(1.0),26/02/26 23:00:00,Annual,Percentage,"Industry, construction and services (except public administration, defense, compulsory social security)",Sweden,2022,10.4,,
ESTAT:TESEM180(1.0),26/02/26 23:00:00,Annual,Percentage,"Industry, construction and services (except public administration, defense, compulsory social security)",Sweden,2023,11.2,p,
ESTAT:TESEM180(1.0),26/02/26 23:00:00,Annual,Percentage,"Industry, construction and services (except public administration, defense, compulsory social security)",Sweden,2024,11.2,p,
ESTAT:TESEM180(1.0),26/02/26 23:00:00,Annual,Percentage,"Industry, construction and services (except public administration, defense, compulsory social security)",Slovenia,2007,5.0,,
ESTAT:TESEM180(1.0),26/02/26 23:00:00,Annual,Percentage,"Industry, construction and services (except public administration, defense, compulsory social security)",Slovenia,2008,4.1,,
ESTAT:TESEM180(1.0),26/02/26 23:00:00,Annual,Percentage,"Industry, construction and services (except public administration, defense, compulsory social security)",Slovenia,2009,-0.9,,
ESTAT:TESEM180(1.0),26/02/26 23:00:00,Annual,Percentage,"Industry, construction and services (except public administration, defense, compulsory social security)",Slovenia,2010,0.9,,
ESTAT:TESEM180(1.0),26/02/26 23:00:00,Annual,Percentage,"Industry, construction and services (except public administration, defense, compulsory social security)",Slovenia,2011,3.3,,
ESTAT:TESEM180(1.0),26/02/26 23:00:00,Annual,Percentage,"Industry, construction and services (except public administration, defense, compulsory social security)",Slovenia,2012,4.5,,
ESTAT:TESEM180(1.0),26/02/26 23:00:00,Annual,Percentage,"Industry, construction and services (except public administration, defense, compulsory social security)",Slovenia,2013,6.3,,
ESTAT:TESEM180(1.0),26/02/26 23:00:00,Annual,Percentage,"Industry, construction and services (except public administration, defense, compulsory social security)",Slovenia,2014,7.0,,
ESTAT:TESEM180(1.0),26/02/26 23:00:00,Annual,Percentage,"Industry, construction and services (except public administration, defense, compulsory social security)",Slovenia,2015,8.2,,
ESTAT:TESEM180(1.0),26/02/26 23:00:00,Annual,Percentage,"Industry, construction and services (except public administration, defense, compulsory social security)",Slovenia,2016,8.1,,
ESTAT:TESEM180(1.0),26/02/26 23:00:00,Annual,Percentage,"Industry, construction and services (except public administration, defense, compulsory social security)",Slovenia,2017,8.4,,
ESTAT:TESEM180(1.0),26/02/26 23:00:00,Annual,Percentage,"Industry, construction and services (except public administration, defense, compulsory social security)",Slovenia,2018,9.3,,
ESTAT:TESEM180(1.0),26/02/26 23:00:00,Annual,Percentage,"Industry, construction and services (except public administration, defense, compulsory social security)",Slovenia,2019,7.5,,
ESTAT:TESEM180(1.0),26/02/26 23:00:00,Annual,Percentage,"Industry, construction and services (except public administration, defense, compulsory social security)",Slovenia,2020,2.4,,
ESTAT:TESEM180(1.0),26/02/26 23:00:00,Annual,Percentage,"Industry, construction and services (except public administration, defense, compulsory social security)",Slovenia,2021,2.7,,
ESTAT:TESEM180(1.0),26/02/26 23:00:00,Annual,Percentage,"Industry, construction and services (except public administration, defense, compulsory social security)",Slovenia,2022,6.8,,
ESTAT:TESEM180(1.0),26/02/26 23:00:00,Annual,Percentage,"Industry, construction and services (except public administration, defense, compulsory social security)",Slovenia,2023,6,bp,
ESTAT:TESEM180(1.0),26/02/26 23:00:00,Annual,Percentage,"Industry, construction and services (except public administration, defense, compulsory social security)",Slovenia,2024,8,p,
ESTAT:TESEM180(1.0),26/02/26 23:00:00,Annual,Percentage,"Industry, construction and services (except public administration, defense, compulsory social security)",Slovakia,2007,23.6,,
ESTAT:TESEM180(1.0),26/02/26 23:00:00,Annual,Percentage,"Industry, construction and services (except public administration, defense, compulsory social security)",Slovakia,2008,20.9,,
ESTAT:TESEM180(1.0),26/02/26 23:00:00,Annual,Percentage,"Industry, construction and services (except public administration, defense, compulsory social security)",Slovakia,2009,21.9,,
ESTAT:TESEM180(1.0),26/02/26 23:00:00,Annual,Percentage,"Industry, construction and services (except public administration, defense, compulsory social security)",Slovakia,2010,19.6,,
ESTAT:TESEM180(1.0),26/02/26 23:00:00,Annual,Percentage,"Industry, construction and services (except public administration, defense, compulsory social security)",Slovakia,2011,20.1,,
ESTAT:TESEM180(1.0),26/02/26 23:00:00,Annual,Percentage,"Industry, construction and services (except public administration, defense, compulsory social security)",Slovakia,2012,20.8,,
ESTAT:TESEM180(1.0),26/02/26 23:00:00,Annual,Percentage,"Industry, construction and services (except public administration, defense, compulsory social security)",Slovakia,2013,18.8,,
ESTAT:TESEM180(1.0),26/02/26 23:00:00,Annual,Percentage,"Industry, construction and services (except public administration, defense, compulsory social security)",Slovakia,2014,19.7,,
ESTAT:TESEM180(1.0),26/02/26 23:00:00,Annual,Percentage,"Industry, construction and services (except public administration, defense, compulsory social security)",Slovakia,2015,19.7,,
ESTAT:TESEM180(1.0),26/02/26 23:00:00,Annual,Percentage,"Industry, construction and services (except public administration, defense, compulsory social security)",Slovakia,2016,19.2,,
ESTAT:TESEM180(1.0),26/02/26 23:00:00,Annual,Percentage,"Industry, construction and services (except public administration, defense, compulsory social security)",Slovakia,2017,20.1,,
ESTAT:TESEM180(1.0),26/02/26 23:00:00,Annual,Percentage,"Industry, construction and services (except public administration, defense, compulsory social security)",Slovakia,2018,19.8,,
ESTAT:TESEM180(1.0),26/02/26 23:00:00,Annual,Percentage,"Industry, construction and services (except public administration, defense, compulsory social security)",Slovakia,2019,18.2,,
ESTAT:TESEM180(1.0),26/02/26 23:00:00,Annual,Percentage,"Industry, construction and services (except public administration, defense, compulsory social security)",Slovakia,2020,15.4,,
ESTAT:TESEM180(1.0),26/02/26 23:00:00,Annual,Percentage,"Industry, construction and services (except public administration, defense, compulsory social security)",Slovakia,2021,16.0,,
ESTAT:TESEM180(1.0),26/02/26 23:00:00,Annual,Percentage,"Industry, construction and services (except public administration, defense, compulsory social security)",Slovakia,2022,16.8,,
ESTAT:TESEM180(1.0),26/02/26 23:00:00,Annual,Percentage,"Industry, construction and services (except public administration, defense, compulsory social security)",Slovakia,2023,15.7,p,
ESTAT:TESEM180(1.0),26/02/26 23:00:00,Annual,Percentage,"Industry, construction and services (except public administration, defense, compulsory social security)",Slovakia,2024,15.7,p,
ESTAT:TESEM180(1.0),26/02/26 23:00:00,Annual,Percentage,"Industry, construction and services (except public administration, defense, compulsory social security)",Türkiye,2014,-1.3,,
ESTAT:TESEM180(1.0),26/02/26 23:00:00,Annual,Percentage,"Industry, construction and services (except public administration, defense, compulsory social security)",United Kingdom,2007,20.8,,
ESTAT:TESEM180(1.0),26/02/26 23:00:00,Annual,Percentage,"Industry, construction and services (except public administration, defense, compulsory social security)",United Kingdom,2008,21.4,,
ESTAT:TESEM180(1.0),26/02/26 23:00:00,Annual,Percentage,"Industry, construction and services (except public administration, defense, compulsory social security)",United Kingdom,2009,20.6,,
ESTAT:TESEM180(1.0),26/02/26 23:00:00,Annual,Percentage,"Industry, construction and services (except public administration, defense, compulsory social security)",United Kingdom,2010,23.3,b,
ESTAT:TESEM180(1.0),26/02/26 23:00:00,Annual,Percentage,"Industry, construction and services (except public administration, defense, compulsory social security)",United Kingdom,2011,21.8,,
ESTAT:TESEM180(1.0),26/02/26 23:00:00,Annual,Percentage,"Industry, construction and services (except public administration, defense, compulsory social security)",United Kingdom,2012,22.6,,
ESTAT:TESEM180(1.0),26/02/26 23:00:00,Annual,Percentage,"Industry, construction and services (except public administration, defense, compulsory social security)",United Kingdom,2013,21.0,,
ESTAT:TESEM180(1.0),26/02/26 23:00:00,Annual,Percentage,"Industry, construction and services (except public administration, defense, compulsory social security)",United Kingdom,2014,20.9,,
ESTAT:TESEM180(1.0),26/02/26 23:00:00,Annual,Percentage,"Industry, construction and services (except public administration, defense, compulsory social security)",United Kingdom,2015,21.0,,
ESTAT:TESEM180(1.0),26/02/26 23:00:00,Annual,Percentage,"Industry, construction and services (except public administration, defense, compulsory social security)",United Kingdom,2016,20.7,,
ESTAT:TESEM180(1.0),26/02/26 23:00:00,Annual,Percentage,"Industry, construction and services (except public administration, defense, compulsory social security)",United Kingdom,2017,20.8,,
ESTAT:TESEM180(1.0),26/02/26 23:00:00,Annual,Percentage,"Industry, construction and services (except public administration, defense, compulsory social security)",United Kingdom,2018,19.8,,
